,precision,recall,f1-score,support
author_001,1.0,0.3333333333333333,0.5,3.0
author_002,0.375,1.0,0.5454545454545454,3.0
author_003,0.5,0.3333333333333333,0.4,3.0
author_004,1.0,0.3333333333333333,0.5,3.0
author_005,1.0,1.0,1.0,3.0
accuracy,0.6,0.6,0.6,0.6
macro avg,0.775,0.6,0.5890909090909091,15.0
weighted avg,0.775,0.6,0.5890909090909091,15.0
