,precision,recall,f1-score,support
author_001,0.0,0.0,0.0,3.0
author_002,0.75,1.0,0.8571428571428571,3.0
author_003,1.0,1.0,1.0,3.0
author_004,1.0,1.0,1.0,3.0
author_005,0.6,1.0,0.75,3.0
accuracy,0.8,0.8,0.8,0.8
macro avg,0.67,0.8,0.7214285714285714,15.0
weighted avg,0.67,0.8,0.7214285714285714,15.0
