,precision,recall,f1-score,support
author_001,0.75,1.0,0.8571428571428571,3.0
author_002,1.0,1.0,1.0,3.0
author_003,1.0,1.0,1.0,3.0
author_004,1.0,0.6666666666666666,0.8,3.0
author_005,1.0,1.0,1.0,3.0
accuracy,0.9333333333333333,0.9333333333333333,0.9333333333333333,0.9333333333333333
macro avg,0.95,0.9333333333333332,0.9314285714285715,15.0
weighted avg,0.95,0.9333333333333333,0.9314285714285714,15.0
